{"create_time": 3.13936185836792, "facilities_created": 25, "query_all_time": 0.0312347412109375, "total_facilities": 200, "query_specific_time": 0.03064131736755371, "query_city_time": 0.02919602394104004, "city_facilities": 200, "total_time": 3.2316064834594727, "timestamp": "2025-04-02T15:17:07.983280", "version": "Asynchronous v1.0"}