{"create_time": 13.137495040893555, "facilities_created": 25, "query_all_time": 0.032258033752441406, "total_facilities": 175, "query_specific_time": 0.032559871673583984, "query_city_time": 0.028530120849609375, "city_facilities": 175, "total_time": 13.231902122497559, "timestamp": "2025-04-02T15:17:02.625610", "version": "Synchronous v1.0"}